Latitude,Longitude,Type,Depth,Magnitude
19.246,145.616,Earthquake,131.6,6
1.863,127.352,Earthquake,80,5.8
-20.579,-173.972,Earthquake,20,6.2
-59.076,-23.557,Earthquake,15,5.8
11.938,126.427,Earthquake,15,5.8
-13.405,166.629,Earthquake,35,6.7
27.357,87.867,Earthquake,20,5.9
-13.309,166.212,Earthquake,35,6
-56.452,-27.043,Earthquake,95,6
-24.563,178.487,Earthquake,565,5.8
-6.807,108.988,Earthquake,227.9,5.9
-2.608,125.952,Earthquake,20,8.2
54.636,161.703,Earthquake,55,5.5
-18.697,-177.864,Earthquake,482.9,5.6
37.523,73.251,Earthquake,15,6
-51.84,139.741,Earthquake,10,6.1
51.251,178.715,Earthquake,30.3,8.7
51.639,175.055,Earthquake,30,6
52.528,172.007,Earthquake,25,5.7
51.626,175.746,Earthquake,25,5.8
51.037,177.848,Earthquake,25,5.9
51.73,173.975,Earthquake,20,5.9
51.775,173.058,Earthquake,10,5.7
52.611,172.588,Earthquake,24,5.7
51.831,174.368,Earthquake,31.8,5.7
51.948,173.969,Earthquake,20,5.6
51.443,179.605,Earthquake,30,7.3
52.773,171.974,Earthquake,30,6.5
51.772,174.696,Earthquake,20,5.6
52.975,171.091,Earthquake,25,6.4
52.99,170.874,Earthquake,25,5.8
51.536,175.045,Earthquake,25,5.8
13.245,-44.922,Earthquake,10,5.8
51.812,174.206,Earthquake,10,5.7
51.762,174.841,Earthquake,25,5.7
52.438,174.321,Earthquake,39.5,6.3
51.946,173.84,Earthquake,30,5.7
51.738,174.566,Earthquake,20,6
51.487,176.558,Earthquake,30.4,5.6
53.008,-162.008,Earthquake,17.8,6.4
52.184,175.505,Earthquake,27.7,6.2
52.076,172.918,Earthquake,30.1,5.6
51.744,175.213,Earthquake,37.4,5.7
52.057,174.116,Earthquake,17.5,5.7
53.191,-161.859,Earthquake,22.5,6.3
51.447,176.469,Earthquake,25.2,5.8
51.258,173.393,Earthquake,17.7,5.7
52.031,175.411,Earthquake,25,5.7
51.294,179.092,Earthquake,25,5.8
55.223,165.426,Earthquake,32.5,5.9
-18.718,169.386,Earthquake,200,5.6
52.815,171.904,Earthquake,30,6
52.188,172.752,Earthquake,25,5.8
51.009,179.325,Earthquake,20,5.8
3.026,125.951,Earthquake,100,5.9
38.908,142.095,Earthquake,53.5,5.7
51.694,176.446,Earthquake,30,5.7
21.527,143.081,Earthquake,340,5.6
25.011,94.186,Earthquake,55,5.6
-7.251,126.715,Earthquake,35,5.9
51.415,179.358,Earthquake,40.4,5.8
-15.343,-172.889,Earthquake,35,5.8
-25.633,-70.679,Earthquake,35,7
-5.461,151.98,Earthquake,40,6.2
51.884,173.072,Earthquake,20.3,6.2
6.746,-72.971,Earthquake,160,5.6
28.133,-112.208,Earthquake,10,6
-5.377,152.115,Earthquake,30,5.9
21.104,121.218,Earthquake,30,5.7
-5.371,152.055,Earthquake,40,5.5
21.122,121.148,Earthquake,30,5.6
52.204,173.911,Earthquake,33.6,5.7
15.404,-92.623,Earthquake,105.2,5.6
38.399,28.226,Earthquake,10,5.8
-27.145,-177.262,Earthquake,15,5.6
-5.514,151.819,Earthquake,14.8,6.7
53.046,171.308,Earthquake,25.7,6.3
-5.487,146.993,Earthquake,200,5.7
50.928,179.511,Earthquake,30,5.5
52.39,174.937,Earthquake,35,5.6
-27.027,-63.214,Earthquake,560.8,5.8
52.416,174.239,Earthquake,35,5.6
-18.425,-132.923,Earthquake,10,5.6
20.13,121.461,Earthquake,45,5.8
-29.998,-177.968,Earthquake,50,6
39.197,23.86,Earthquake,15,6.1
53.292,-162.331,Earthquake,20,5.7
36.405,70.724,Earthquake,207.8,7.4
22.635,121.117,Earthquake,15,5.8
40.697,143.032,Earthquake,32.1,6.4
52.785,171.821,Earthquake,25,6
-20.036,-175.89,Earthquake,224.9,6.3
-55.857,-26.758,Earthquake,35,5.7
-1.887,119.836,Earthquake,40,6
-1.547,126.623,Earthquake,28.9,6.3
-15.262,-173.254,Earthquake,30.5,6.5
-31.974,-71.573,Earthquake,48.8,6.2
-15.382,-173.194,Earthquake,25,6.2
8.418,126.553,Earthquake,55,5.7
55.26,161.904,Earthquake,40,5.8
-32.522,-71.233,Earthquake,70,7.4
40.687,142.915,Earthquake,30,6.4
-20.502,-173.701,Earthquake,20,5.9
50.282,177.959,Earthquake,20,7.6
38.365,22.405,Earthquake,75,6.8
9.986,125.896,Earthquake,60,5.9
15.8,-98.067,Earthquake,10,5.8
51.865,175.172,Earthquake,30.7,5.7
-27.088,-176.046,Earthquake,25,5.6
37.505,22.067,Earthquake,20,6.1
44.812,150.871,Earthquake,39.2,5.7
36.083,139.968,Earthquake,50,5.7
-0.463,120.039,Earthquake,25,6.2
52.192,173.437,Earthquake,25,6.1
-32.707,-178.207,Earthquake,20,6
35.047,24.318,Earthquake,65,6.2
-20.455,-173.621,Earthquake,17.5,5.7
-17.857,-178.646,Earthquake,543.7,6.5
-13.409,170.376,Earthquake,635,6.3
-42.692,174.205,Earthquake,20,5.9
-26.168,178.628,Earthquake,570,5.7
30.317,138.702,Earthquake,421.7,5.6
25.08,122.897,Earthquake,165,5.6
64.572,-160.375,Earthquake,15,6
41.46,-127.416,Earthquake,10,5.9
-59.687,-26.454,Earthquake,25,6.1
-59.586,-26.372,Earthquake,25,6.1
34.848,138.332,Earthquake,35,6
11.451,140.231,Earthquake,70,5.8
24.409,142.776,Earthquake,30,6
-1.733,126.568,Earthquake,25,5.7
54.157,-162.59,Earthquake,36.8,5.6
21.045,120.798,Earthquake,37.1,6.1
-6.822,129.504,Earthquake,30,6
35.626,23.425,Earthquake,60,6.1
1.333,-85.075,Earthquake,15,5.8
47.288,-122.406,Earthquake,64.7,6.7
-5.548,110.332,Earthquake,480,6
60.35,-146.176,Earthquake,15,5.6
28.927,128.769,Earthquake,22.5,5.8
-32.537,-70.569,Earthquake,90,5.8
13.683,-89.07,Earthquake,15,5.9
-24.281,-67.927,Earthquake,110,5.7
41.801,79.414,Earthquake,10,6.2
-3.523,137.924,Earthquake,50,5.7
-6.174,130.358,Earthquake,153.1,6.1
-4.131,134.946,Earthquake,25,5.8
5.268,125.467,Earthquake,35,5.9
22.336,121.248,Earthquake,68.4,6.7
-8.938,159.083,Earthquake,35,5.6
-6.575,105.311,Earthquake,35,5.6
-4.819,152.436,Earthquake,50,5.5
-14.921,167.34,Earthquake,120,7.7
1.309,126.239,Earthquake,35,5.7
-21.126,-178.537,Earthquake,553.8,6.1
52.149,175.119,Earthquake,28.5,6
13.174,124.604,Earthquake,25,5.9
51.227,178.882,Earthquake,30.1,5.8
-55.957,-27.875,Earthquake,125,6
-7.566,128.578,Earthquake,150,5.9
-23.54,-179.917,Earthquake,540,5.7
15.674,-46.712,Earthquake,12.5,5.9
-1.649,126.552,Earthquake,20,5.6
51.884,174.015,Earthquake,20,5.6
44.608,149.022,Earthquake,40.7,7
44.578,148.699,Earthquake,58,7.2
44.133,149.255,Earthquake,31.6,5.5
44.112,149.539,Earthquake,35,5.6
44.299,149.032,Earthquake,32.6,5.7
44.167,149.87,Earthquake,35,5.6
43.775,149.448,Earthquake,38,5.7
43.804,149.351,Earthquake,35,5.7
43.885,149.339,Earthquake,35,5.5
-20.38,-68.944,Earthquake,102.2,5.9
41.705,143.727,Earthquake,38.1,6.1
37.718,29.378,Earthquake,25,5.9
-39.902,45.55,Earthquake,10,5.6
-38.08,177.442,Earthquake,95,5.9
-21.025,173.574,Earthquake,25,6.2
32.052,87.784,Earthquake,10,5.9
44.505,149.218,Earthquake,45,5.6
42.973,-126.652,Earthquake,10,5.5
28.134,55.891,Earthquake,25,5.9
7.175,123.613,Earthquake,40,6.3
56.543,-152.948,Earthquake,20,6.5
7.034,126.25,Earthquake,30,5.8
-54.437,4.965,Earthquake,10,5.7
60.281,-141.418,Earthquake,15,6.5
23.764,121.56,Earthquake,40,5.9
-5.01,153.06,Earthquake,25,6
-1.734,126.53,Earthquake,30,5.8
51.813,176.53,Earthquake,44.6,5.7
-63.159,-163.707,Earthquake,10,6.1
52.99,-167.739,Earthquake,45,7.8
22.338,101.496,Earthquake,35,5.9
-22.567,172.939,Earthquake,35,5.8
38.384,22.545,Earthquake,20,6.3
46.591,152.467,Earthquake,45,5.6
-4.408,155.062,Earthquake,490,6.3
-6.819,105.505,Earthquake,35,5.7
-28.428,-68.25,Earthquake,112.4,5.7
7.74,123.811,Earthquake,570,6
-9.72,159.888,Earthquake,25,5.9
7.56,124.247,Earthquake,24.6,5.7
53.318,170.365,Earthquake,28.8,5.5
1.813,99.276,Earthquake,105,5.5
41.278,146.682,Earthquake,15,5.6
51.472,175.894,Earthquake,20.1,5.7
-2.335,101.767,Earthquake,140,5.6
51.05,-171.289,Earthquake,21.4,6.8
50.799,-171.607,Earthquake,15,5.7
51.076,-171.466,Earthquake,20,5.6
6.789,-72.907,Earthquake,160,5.6
-32.441,-178.803,Earthquake,45,5.9
-56.046,157.922,Earthquake,10,7.3
-7.526,-81.179,Earthquake,26.3,5.7
-5.213,151.701,Earthquake,60,6.5
-15.449,166.98,Earthquake,25,7.2
-15.67,167.216,Earthquake,30,5.8
-15.685,167.097,Earthquake,30,6.9
-15.741,167.26,Earthquake,30,6
-15.861,167.092,Earthquake,30,7.6
-15.817,167.399,Earthquake,30,6.9
-5.36,152.116,Earthquake,51,6.8
-15.931,167.392,Earthquake,35,5.9
-15.97,167.439,Earthquake,30,5.8
-15.995,166.96,Earthquake,25,6.1
-15.871,166.96,Earthquake,25,7.4
-16.198,167.607,Earthquake,35,7.2
-16.801,167.602,Earthquake,35,6.2
-6.38,148.543,Earthquake,30,6
-15.819,166.794,Earthquake,20,6
-11.385,166.332,Earthquake,35,5.7
-0.53,-19.951,Earthquake,15,6.2
4.872,95.836,Earthquake,65,6.1
-15.185,166.67,Earthquake,30,5.8
-15.945,166.999,Earthquake,25,6.2
-5.714,128.493,Earthquake,330,6.7
-18.954,-68.82,Earthquake,124,6.7
-22.887,-176.194,Earthquake,75,6.1
-5.921,103.993,Earthquake,45,5.6
40.459,26.206,Earthquake,15,6
16.081,-95.867,Earthquake,25,7.4
15.837,-96.235,Earthquake,25,5.8
44.453,149.06,Earthquake,30,5.7
-16.931,167.454,Earthquake,30,5.8
-6.428,104.667,Earthquake,55,5.7
-34.596,179.922,Earthquake,100,5.8
51.867,175.451,Earthquake,31,5.5
46.515,153.387,Earthquake,15,5.9
58.09,-152.525,Earthquake,27.8,7
57.513,-152.263,Earthquake,25,5.7
6.47,-84.408,Earthquake,15,6.2
-5.349,152.955,Earthquake,44.6,6.2
-6.209,151.651,Earthquake,15,6.1
-6.416,70.726,Earthquake,25,6.3
55.338,165.731,Earthquake,18.9,5.9
-36.448,-97.6,Earthquake,15,6.1
8.382,126.895,Earthquake,35,5.8
7.156,126.522,Earthquake,160,6
-1.443,-77.476,Earthquake,185.9,6.5
36.269,141.533,Earthquake,35,5.8
36.245,141.53,Earthquake,35,5.9
36.27,141.361,Earthquake,35,6.8
8.188,126.874,Earthquake,25,6
28.952,128.227,Earthquake,197.6,6.7
20.682,99.326,Earthquake,35,5.9
-5.391,151.631,Earthquake,55,5.9
36.395,141.46,Earthquake,35,6.3
13.092,145.167,Earthquake,45,5.6
39.626,143.357,Earthquake,27.5,5.7
-54.757,-38.244,Earthquake,10,5.8
51.752,175.5,Earthquake,35,5.6
-28.278,-177.999,Earthquake,25,6.5
59.28,-144.06,Earthquake,20,6.1
49.937,178.166,Earthquake,19.7,6.8
-19.921,174.48,Earthquake,545.5,6.2
-60.468,-24.551,Earthquake,10,6
49.426,156.417,Earthquake,50,5.9
-42.969,-75.225,Earthquake,22.2,5.9
12.347,114.485,Earthquake,20,5.9
-59.225,-25.091,Earthquake,20,5.8
56.19,-153.615,Earthquake,25,5.6
3.113,128.558,Earthquake,192.4,5.7
-7.981,156.287,Earthquake,15,5.7
-1.28,127.725,Earthquake,25,6.3
52.366,174.254,Earthquake,35,6.1
53.901,-165.403,Earthquake,45,5.6
4.203,125.787,Earthquake,145.1,5.9
49.646,156.116,Earthquake,60,5.6
44.12,145.389,Earthquake,170,6.7
-1.257,127.735,Earthquake,25,5.6
-9.031,-71.139,Earthquake,593.8,6.7
-22.457,-113.788,Earthquake,15,6.1
-3.144,143.789,Earthquake,15,5.9
-22.126,-113.928,Earthquake,15,6.2
30.628,140.23,Earthquake,20,6.4
43.745,87.843,Earthquake,35,6.5
-29.414,-68.166,Earthquake,45,5.7
36.514,141.229,Earthquake,40,5.7
-0.224,-18.645,Earthquake,10,6.1
6.553,126.903,Earthquake,110,5.9
30.887,-41.479,Earthquake,10,6
25.449,125.319,Earthquake,94.7,5.7
-7.058,129.347,Earthquake,160,5.6
-18.855,-177.721,Earthquake,430,6.5
53.909,160.579,Earthquake,45,6
-7.225,129.12,Earthquake,147.9,5.8
-6.193,130.402,Earthquake,133.3,6.5
51.936,-176.092,Earthquake,55,5.7
51.361,-179.716,Earthquake,25,5.9
2.983,124.831,Earthquake,20,6.2
51.42,-179.7,Earthquake,30,5.6
-8.666,111.103,Earthquake,55,5.8
33.011,141.079,Earthquake,60,5.6
-9.611,159.797,Earthquake,70,5.8
-45.847,-72.958,Earthquake,25,6.2
36.096,27.318,Earthquake,77.4,5.9
-4.841,103.103,Earthquake,60,5.8
51.101,-170.604,Earthquake,15,5.8
52.612,173.14,Earthquake,35,5.6
18.919,-107.176,Earthquake,25,6.7
-6.458,146.298,Earthquake,122.5,6.3
-37.199,177.558,Earthquake,175,6
17.135,-100.126,Earthquake,35,6.4
-18.108,-178.062,Earthquake,645,6.2
-11.292,166.143,Earthquake,52.8,5.9
44.688,149.939,Earthquake,29.2,6
44.757,150.195,Earthquake,23.1,5.6
-56.722,-141.439,Earthquake,15,5.8
7.65,-81.913,Earthquake,25,6.3
52.293,160.356,Earthquake,26.9,5.8
58.335,-153.303,Earthquake,52.4,6.1
60.481,-140.766,Earthquake,20.1,5.6
-18.096,-178.979,Earthquake,621.8,6.2
-5.201,151.583,Earthquake,80.1,5.9
27.863,141.992,Earthquake,45,5.8
54.21,-164.476,Earthquake,35,5.6
-16.673,-71.111,Earthquake,100,5.8
13.248,95.42,Earthquake,25,5.8
0.586,120.141,Earthquake,35,5.9
33.675,137.244,Earthquake,15,6
52.829,172.048,Earthquake,22.5,5.7
52.764,172.058,Earthquake,22.5,5.8
37.883,138.151,Earthquake,10,5.8
55.956,-153.942,Earthquake,20,6.2
30.013,69.606,Earthquake,10,5.8
-59.548,-26.465,Earthquake,60,5.6
-17.114,168.559,Earthquake,10,6
51.514,157.119,Earthquake,115.6,5.6
-24.837,-64.413,Earthquake,25,5.7
0.211,123.555,Earthquake,158.6,5.7
16.709,119.973,Earthquake,61.1,5.7
24.13,121.966,Earthquake,25,5.8
-15.899,167.914,Earthquake,180,6.4
39.093,21.777,Earthquake,10,6.2
26.246,103.187,Earthquake,10,6.4
50.023,155.506,Earthquake,119.4,5.9
29.956,69.761,Earthquake,10,6.5
30.276,70.041,Earthquake,10,6.5
-56.79,-25.965,Earthquake,40,6.3
-9.851,116.376,Earthquake,45,5.8
31.193,142.001,Earthquake,35,5.8
20.711,146.163,Earthquake,45.7,6.5
-6.561,132.642,Earthquake,35,6
26.12,103.222,Earthquake,10,5.9
-17.67,168.021,Earthquake,35,6.6
-32.265,78.866,Earthquake,15,6.6
-32.233,78.999,Earthquake,15,5.7
6.709,123.842,Earthquake,35,5.9
-55.495,-27.079,Earthquake,15,6
26.14,125.744,Earthquake,120,5.6
-5.388,151.592,Earthquake,35,6.9
-15.404,-172.843,Earthquake,20,6
52.55,173.462,Earthquake,35,5.6
43.691,139.738,Earthquake,217.6,5.6
29.244,130.344,Earthquake,45,6
-25.983,-70.328,Earthquake,64.7,5.7
48.256,154.425,Earthquake,45.8,5.8
-38.747,178.061,Earthquake,30,5.9
31.525,80.487,Earthquake,20,6.7
31.422,80.554,Earthquake,20,6.3
37.156,114.875,Earthquake,25,6.5
-13.696,166.555,Earthquake,35,6.2
1.903,126.334,Earthquake,35,6.2
1.742,126.337,Earthquake,35,5.6
-19.991,-68.842,Earthquake,108.6,5.8
24.122,122.583,Earthquake,30,7.5
-21.149,-179.093,Earthquake,625,6.7
-52.655,19.709,Earthquake,10,5.6
0.622,29.863,Earthquake,29.3,6.6
-21.176,-174.429,Earthquake,25,5.6
37.535,115.039,Earthquake,20,6.2
37.545,115.061,Earthquake,20,6.8
23.973,122.938,Earthquake,49.5,6.2
-13.626,166.829,Earthquake,30,5.9
37.714,115.275,Earthquake,20,6
37.798,115.096,Earthquake,20,5.9
8.865,-83.467,Earthquake,25,5.7
23.869,142.248,Earthquake,80,6
37.464,115.127,Earthquake,20,6
36.617,141.121,Earthquake,48.5,5.7
12.01,92.483,Earthquake,10,5.8
-45.685,96.003,Earthquake,10,6.3
56.382,-154.604,Earthquake,26.2,5.6
26.199,127.507,Earthquake,49.7,5.7
51.301,157.703,Earthquake,46.6,6.2
9.409,-84.282,Earthquake,25,5.8
-14.074,166.724,Earthquake,55,5.7
-31.452,-71.049,Earthquake,60.5,6.1
18.113,-102.557,Earthquake,30,5.7
-38.231,-72.695,Earthquake,35,6.3
-38.194,-73.198,Earthquake,45,5.9
56.896,-153.601,Earthquake,15,6.2
18.82,147.221,Earthquake,25,6
41.703,48.238,Earthquake,20,6
35.581,142.171,Earthquake,10,6
35.6,142.037,Earthquake,10.9,5.9
-37.656,-73.428,Earthquake,21.4,5.9
57.271,-152.483,Earthquake,20.9,5.8
-0.711,122.191,Earthquake,20,6.5
-0.57,122.235,Earthquake,35,6.1
-8.341,-74.142,Earthquake,161,6.4
-5.996,149.735,Earthquake,35,6.1
-8.495,114.967,Earthquake,105,5.6
24.298,122.595,Earthquake,50,6.2
34.425,26.455,Earthquake,25,6
48.888,156.275,Earthquake,24.7,6.2
48.848,156.288,Earthquake,25.7,5.6
48.853,156.133,Earthquake,20.6,5.8
34.023,138.983,Earthquake,10,5.7
51.41,-178.291,Earthquake,35.1,6.1
-6.974,129.352,Earthquake,201.1,5.7
-44.195,-75.478,Earthquake,19.5,5.6
24.97,-109.085,Earthquake,20,5.9
53.934,-164.122,Earthquake,32.3,6
13.901,146.481,Earthquake,25,6.1
19.374,122.147,Earthquake,60,5.5
30.081,139.992,Earthquake,20,5.7
13.894,146.41,Earthquake,25,5.7
-6.384,131.044,Earthquake,65,5.7
-21.658,169.814,Earthquake,35,5.7
-52.772,160.124,Earthquake,10,6.1
24.274,122.631,Earthquake,50,5.8
-23.461,-174.657,Earthquake,15,5.8
50.993,175.957,Earthquake,20.6,5.5
-0.047,123.13,Earthquake,140,5.8
46.418,152.735,Earthquake,39.1,6
-14.929,167.839,Earthquake,15,5.6
36.421,71.224,Earthquake,215.6,6.6
9.528,126.505,Earthquake,25,6
-14.828,-75.835,Earthquake,20,6.2
24.328,122.66,Earthquake,35,5.6
11.323,139.593,Earthquake,35,6.8
44.238,147.766,Earthquake,93.2,5.7
51.399,-178.35,Earthquake,35,5.6
-21.242,174.342,Earthquake,25,6.1
-12.191,167.132,Earthquake,241.6,6.7
-10.318,161.006,Earthquake,45,7.1
-10.061,161.149,Earthquake,45,6.8
-10.033,160.937,Earthquake,45,5.9
-10.172,160.85,Earthquake,45,5.7
-11.022,165.171,Earthquake,30,5.8
50.164,157.767,Earthquake,45.5,5.5
-7.24,124.583,Earthquake,531.8,7
43.726,140.19,Earthquake,225,5.6
29.504,80.845,Earthquake,25.9,6
29.543,80.915,Earthquake,25,5.7
29.706,80.935,Earthquake,25,6.3
-38.36,177.139,Earthquake,115,5.6
-13.794,166.644,Earthquake,45,6
24.739,122.414,Earthquake,112.5,6.4
51.745,176.296,Earthquake,30,5.8
51.826,179.778,Earthquake,15,6.8
51.867,-179.88,Earthquake,15,5.8
24.303,125.186,Earthquake,35.6,6.1
-19.474,-173.254,Earthquake,25,6
44.707,37.272,Earthquake,39.3,5.7
56.241,164.754,Earthquake,15,6.4
51.748,-173.478,Earthquake,29.7,5.6
-17.757,-178.55,Earthquake,594.4,6.4
51.664,-173.677,Earthquake,31.3,5.7
-24.16,-70.082,Earthquake,33.5,5.8
29.937,68.778,Earthquake,20.2,6
29.906,68.681,Earthquake,25,6.2
29.988,68.588,Earthquake,25,6.9
-10.987,162.767,Earthquake,35,5.7
50.513,-171.301,Earthquake,19.7,6.9
-10.692,161.237,Earthquake,35,5.6
31.0395,-113.7773333,Earthquake,6,6.35
19.279,-108.27,Earthquake,30,6
-20.161,-175.228,Earthquake,98.8,6
-23.495,-175.808,Earthquake,35,5.9
52.563,-161.63,Earthquake,17.2,5.8
28.565,78.961,Earthquake,27,5.6
13.295,121.467,Earthquake,19.8,6
3.487,64.014,Earthquake,10,6
36.395,70.903,Earthquake,196.4,5.8
37.38,-114.157,Earthquake,10,5.7
-21.343,171.484,Earthquake,15,6.2
-5.026,125.119,Earthquake,540,5.7
52.156,175.053,Earthquake,41.9,5.6
14.478,-91.84,Earthquake,68.4,5.8
-0.111,125.071,Earthquake,55,6.1
-0.007,125.026,Earthquake,32.5,6
39.235,41.572,Earthquake,24.7,6.8
-3.195,-77.166,Earthquake,113.3,5.7
42.981,140.708,Earthquake,159.4,5.8
39.438,41.094,Earthquake,25,6.2
-23.734,-175.678,Earthquake,35,6.1
8.48,126.645,Earthquake,35,6
-1.741,134.06,Earthquake,25,5.9
-22.499,170.742,Earthquake,20,6.3
23.873,123.228,Earthquake,25,5.7
-27.693,-177.185,Earthquake,55,5.8
-22.128,170.04,Earthquake,10,6
-36.094,178.575,Earthquake,170,5.7
61.197,-147.781,Earthquake,29.6,5.6
2.388,128.49,Earthquake,115,7.7
45.401,150.549,Earthquake,35,5.6
6.761,-72.976,Earthquake,161.1,5.9
-22.987,170.75,Earthquake,15,6.3
39.385,-120.252,Earthquake,10,5.9
-60.244,-27.199,Earthquake,20,6.7
-60.256,-26.922,Earthquake,20,6.2
22.924,121.507,Earthquake,30,6.2
27.775,54.227,Earthquake,20,5.7
18.261,-100.985,Earthquake,80.3,6
27.419,92.576,Earthquake,14.4,5.9
27.412,100.103,Earthquake,20,6.3
-21.558,170.596,Earthquake,150,6.9
61.58,-150.126,Earthquake,55,5.6
-16.654,-177.279,Earthquake,15,6.1
-60.354,-26.485,Earthquake,20,6.1
-11.793,121.601,Earthquake,20,6
-31.241,-177.747,Earthquake,25,5.8
29.734,142.669,Earthquake,15,5.7
-56.111,-27.62,Earthquake,100,5.7
-10.665,-78.228,Earthquake,40,8.1
-1.571,-15.611,Earthquake,15,7
-18.319,167.58,Earthquake,35,5.7
22.232,145.978,Earthquake,10,6.7
38.796,21.242,Earthquake,25,5.9
19.102,-67.878,Earthquake,26.5,6
-15.37,-175.109,Earthquake,15,6.4
-31.973,-68.301,Earthquake,113,6.1
52.141,-169.158,Earthquake,29.2,5.6
-23.822,-67.863,Earthquake,135,5.6
41.746,144.389,Earthquake,32.5,6
-15.681,167.258,Earthquake,35,6.3
17.042,-61.885,Earthquake,79.4,5.6
48.019,146.857,Earthquake,460,5.9
-57.964,-25.518,Earthquake,35,5.8
-14.851,167.051,Earthquake,35,5.9
-25.563,-70.497,Earthquake,51.8,5.7
6.6,-82.746,Earthquake,16.7,5.6
-13.954,167.045,Earthquake,125,6.8
3.251,128.174,Earthquake,75,5.7
44.475,151.655,Earthquake,15,5.9
14.351,-91.963,Earthquake,70,5.7
-3.424,145.703,Earthquake,25,6.3
-4.928,144.05,Earthquake,65,6.3
21.487,94.322,Earthquake,94.3,5.7
29.535,80.823,Earthquake,20,5.7
-26.123,-63.152,Earthquake,578,6.3
37.3021667,-116.4083333,Nuclear Explosion,1.2,5.62
-19.98,169.834,Earthquake,230,6.3
-7.039,148.256,Earthquake,30,6.6
37.126,141.202,Earthquake,55.3,5.6
-25.494,-70.55,Earthquake,25,7.7
-32.838,-111.783,Earthquake,10,5.6
-12.091,166.552,Earthquake,55,7.8
-12.326,166.491,Earthquake,35,7.1
-15.237,-173.608,Earthquake,30,6.5
-11.2,165.416,Earthquake,30,5.9
-10.187,28.424,Earthquake,29.1,5.6
-12.347,166.221,Earthquake,30,6
-11.093,165.668,Earthquake,30,6.1
-11.112,165.536,Earthquake,30,5.6
-12.376,166.473,Earthquake,30,5.8
20.318,120.114,Earthquake,21.6,5.6
10.881,-62.33,Earthquake,92.6,5.5
48.168,103.036,Earthquake,13.2,7
48.477,103.021,Earthquake,17.5,5.8
48.04,103.013,Earthquake,17.5,5.9
41.878,143.482,Earthquake,39.3,5.9
-1.461,126.477,Earthquake,30,5.6
-48.873,112.803,Earthquake,15,6
11.854,142.866,Earthquake,15,5.7
-0.149,120.033,Earthquake,35,5.7
33.989,45.738,Earthquake,35,6.1
-10.515,161.406,Earthquake,40,6.2
-11.248,165.623,Earthquake,30,6
-27.335,-63.204,Earthquake,590.9,6.2
38.244,142.152,Earthquake,45.8,6.6
56.564,120.947,Earthquake,25,5.5
52.565,-168.501,Earthquake,26,5.9
-11.903,166.494,Earthquake,140,5.9
48.105,103.064,Earthquake,20,6.4
-49.917,-114.881,Earthquake,25,6.3
19.973,-109.129,Earthquake,30,6
41.5,142.2,Earthquake,68,5.7
-0.922,-21.081,Earthquake,10,6.5
36.715,71.625,Earthquake,273.2,6
52.45,-169.603,Earthquake,35,6.8
52.288,-169.353,Earthquake,35,5.6
52.242,-169.468,Earthquake,39.9,5.8
26.107,96.115,Earthquake,25,5.6
2.619,-84.363,Earthquake,10,5.6
-57.94,-25.663,Earthquake,65,6.1
-5.542,110.478,Earthquake,550,5.6
56.521,-157.326,Earthquake,62,5.7
2.849,-74.798,Earthquake,55,7
52.812,-34.14,Earthquake,10,7
13.555,96.463,Earthquake,30,6.8
-13.303,171.408,Earthquake,630,5.8
-9.163,-71.274,Earthquake,600.4,7
-23.878,-175.078,Earthquake,15,6.5
-5.873,153.267,Earthquake,35,5.6
-8.965,113.017,Earthquake,80,6.3
-0.072,124.213,Earthquake,95,5.9
33.617,75.333,Earthquake,20,5.5
-19.516,169.216,Earthquake,90.6,5.8
26.184,128.611,Earthquake,31.9,6
-0.077,123.947,Earthquake,75,5.9
-0.114,123.969,Earthquake,80,5.9
32.608,141.649,Earthquake,25,6
-0.214,-78.595,Earthquake,118.9,6
21.398,121.823,Earthquake,131.1,5.7
-18.558,-175.286,Earthquake,226.7,5.7
39.1,24.684,Earthquake,15,6.6
-10.617,166.198,Earthquake,15,5.9
-10.622,166.333,Earthquake,15,5.9
-10.821,166.388,Earthquake,55,5.9
19.263,-95.801,Earthquake,28.7,5.9
-40.17,-74.722,Earthquake,20,5.7
19.581,38.874,Earthquake,20,5.6
28.463,94.248,Earthquake,16.9,5.7
-3.575,150.909,Earthquake,25,6.2
-6.075,146.354,Earthquake,110,5.7
-6.727,129.744,Earthquake,97.7,6.2
45.527,151.188,Earthquake,40,6.7
45.672,151.301,Earthquake,35,5.8
45.438,151.511,Earthquake,34.5,5.7
-5.972,112.225,Earthquake,598,6.7
45.201,151.551,Earthquake,30.4,5.9
-9.182,148.623,Earthquake,20,5.7
38.474,116.608,Earthquake,29.7,6.1
-16.438,168.214,Earthquake,15,6.4
-11.114,115.227,Earthquake,15,6.2
45.718,151.83,Earthquake,35,6.1
45.661,151.789,Earthquake,45,5.8
45.617,151.703,Earthquake,29.8,6.1
-6.024,151.499,Earthquake,22.5,5.9
20.036,147.311,Earthquake,27.1,5.9
19.992,147.227,Earthquake,25,5.7
20.07,147.252,Earthquake,25,5.8
-3.989,135.677,Earthquake,15,6
-7.359,155.753,Earthquake,35,5.7
-7.222,155.833,Earthquake,35,6.1
-63.66,-167.459,Earthquake,10,6.1
5.121,96.286,Earthquake,50,6.7
5.349,96.483,Earthquake,50,5.6
18.309,-100.125,Earthquake,85,5.8
-5.605,129.639,Earthquake,175,5.7
-5.401,126.688,Earthquake,10,6.2
13.558,146.268,Earthquake,15,5.7
51.42,-178.261,Earthquake,31.6,5.7
-1.808,138.694,Earthquake,20,5.8
39.528,21.267,Earthquake,25,6.2
-55.604,-28.129,Earthquake,30,5.9
-10.425,161.494,Earthquake,40,5.8
5.161,127.412,Earthquake,90,5.7
39.365,73.787,Earthquake,15,5.6
-20.304,-68.821,Earthquake,109.4,6.1
-59.076,-65.47,Earthquake,10,5.7
-0.897,101.313,Earthquake,179.3,6.7
-56.191,-27.608,Earthquake,125,5.8
51.851,176.105,Earthquake,30.7,5.8
36.034,77.714,Earthquake,20,5.9
12.115,143.729,Earthquake,20,5.8
53.567,-165.718,Earthquake,50,5.8
-6.794,154.934,Earthquake,15,5.6
58.207,-151.453,Earthquake,27.8,5.6
-41.394,-73.809,Earthquake,31.9,5.7
-44.881,35.508,Earthquake,10,5.8
47.649,154.23,Earthquake,40,6
-15.052,-73.315,Earthquake,97,5.7
-15.406,-173.343,Earthquake,29.6,6.2
47.449,154.503,Earthquake,35,5.6
-58.375,-26.956,Earthquake,163.4,6
52.539,-166.912,Earthquake,27.1,6.1
52.638,-167.155,Earthquake,27.6,5.9
-2.336,-77.519,Earthquake,15,5.7
64.65,-147.798,Earthquake,10,5.7
-25.076,-70.394,Earthquake,35,6.2
-5.859,130.325,Earthquake,90,5.8
-19.142,167.74,Earthquake,16.4,5.6
12.531,141.665,Earthquake,20,5.7
12.488,141.655,Earthquake,20,5.8
-9.543,157.752,Earthquake,25,5.6
-47.085,165.844,Earthquake,30,5.7
-7.249,128.596,Earthquake,150,5.5
54.358,-158.087,Earthquake,27.5,6.5
8.823,93.637,Earthquake,15,6.1
43.136,142.67,Earthquake,158.1,5.7
52.557,-168.19,Earthquake,27.3,6.1
8.571,125.941,Earthquake,200,5.7
4.894,126.855,Earthquake,75,5.7
5.479,-82.732,Earthquake,20,6.1
-0.869,132.73,Earthquake,30,6.2
7.557,134.69,Earthquake,20,6.4
-33.451,-178.828,Earthquake,20,6.1
40.751,30.8,Earthquake,30,7.4
39.568,40.445,Earthquake,20,6.2
6.747,-73.032,Earthquake,161.2,6.8
10.559,-67.33,Earthquake,25,6.6
40.764,30.609,Earthquake,15,5.7
-13.02,-76.731,Earthquake,50,5.7
-6.484,130.544,Earthquake,105,5.9
45.342,150.317,Earthquake,35,5.6
-24.719,-177.33,Earthquake,143.6,6.7
-14.89,166.756,Earthquake,20,5.7
35.388,135.43,Earthquake,364.3,6.3
43.094,-0.731,Earthquake,10,5.7
-4.41,152.439,Earthquake,20,6.3
31.079,93.639,Earthquake,20,5.7
0.873,98.876,Earthquake,75.1,5.7
27.693,127.685,Earthquake,110,5.6
10.295,125.881,Earthquake,35,6
-12.481,166.652,Earthquake,85,5.7
-25.265,-69.044,Earthquake,103.2,5.8
3.697,95.669,Earthquake,39.1,6.6
-60.761,-24.301,Earthquake,10,6.6
-60.898,-23.378,Earthquake,10,5.7
43.565,147.578,Earthquake,65.9,5.6
-14.94,166.902,Earthquake,25,5.8
12.173,140.765,Earthquake,20,6.2
12.273,140.896,Earthquake,20,5.6
31.633,100.262,Earthquake,10,6.4
31.587,100.255,Earthquake,10,5.8
45.444,151.353,Earthquake,35,6
-5.615,147.201,Earthquake,185,5.7
-10.656,-79.674,Earthquake,15,7
-31.278,-179.422,Earthquake,236.1,6.5
14.596,93.48,Earthquake,32.9,5.7
2.626,124.226,Earthquake,275,5.9
12.27,140.953,Earthquake,15,6.1
-27.623,-63.23,Earthquake,580.4,6.7
-54.55,-136.196,Earthquake,10,6.3
52.741,172.489,Earthquake,25,5.6
35.607,140.738,Earthquake,45,5.8
27.338,91.91,Earthquake,13.7,5.8
51.721,-176.222,Earthquake,55,5.6
-5.985,146.6,Earthquake,35,5.8
43.065,145.297,Earthquake,80,6.1
-57.799,-23.802,Earthquake,10,6.3
-49.736,164.009,Earthquake,20,7
-49.588,163.812,Earthquake,20,5.7
-20.729,169.932,Earthquake,100,6.2
44.626,149.487,Earthquake,40.6,6.2
-33.463,-70.532,Earthquake,83.1,5.9
-30.086,-71.446,Earthquake,50,6.2
-6.52,153.465,Earthquake,15,6.2
59.335,-147.157,Earthquake,20,5.9
28.984,129.95,Earthquake,30,5.7
10.878,-85.964,Earthquake,30,6.2
-5.631,153.959,Earthquake,25,6.8
49.107,156.309,Earthquake,32.4,5.6
-9.445,148.843,Earthquake,20,5.7
-5.623,154.057,Earthquake,35,5.9
-21.182,-179.186,Earthquake,636.8,7.2
30.449,142.687,Earthquake,10,5.6
-21.025,-179.146,Earthquake,642.9,5.6
52.13,152.592,Earthquake,461.8,5.8
-7.131,129.828,Earthquake,88.2,6
11.925,-85.872,Earthquake,160.4,7.1
1.715,127.493,Earthquake,125,5.7
17.241,121.886,Earthquake,35,5.7
79.765,2.851,Earthquake,15,6
-33.799,-179.34,Earthquake,35,5.7
24.401,122.218,Earthquake,71.1,6.8
24.416,122.275,Earthquake,75,5.7
-4.624,135.649,Earthquake,15,5.7
-17.727,-178.856,Earthquake,550,5.6
37.317,141.846,Earthquake,35,6
43.523,144.316,Earthquake,30,6.7
43.502,144.261,Earthquake,30,5.6
-2.704,-77.631,Earthquake,93.7,6.1
-15.043,-172.636,Earthquake,46.7,5.6
16.853,-85.789,Earthquake,20,5.6
-5.233,133.932,Earthquake,30,5.6
51.094,178.524,Earthquake,30,5.8
-7.163,123.752,Earthquake,584.2,6.2
-6.157,71.342,Earthquake,22.4,5.9
-17.279,-171.847,Earthquake,15,6.4
-5.46,147.112,Earthquake,210,5.9
-28.865,-71.369,Earthquake,34.8,6.3
28.381,-43.765,Earthquake,15,5.7
36.44,141.272,Earthquake,35,5.8
-22.642,171.04,Earthquake,20,6.4
72.763,8.011,Earthquake,15,5.7
-22.687,170.92,Earthquake,20,5.9
14.432,52.099,Earthquake,11.9,6.5
80.161,-0.794,Earthquake,15,6.5
28.583,130.138,Earthquake,35,5.7
-8.046,112.981,Earthquake,145,5.7
-31.128,-71.396,Earthquake,60.5,5.6
32.165,130.844,Earthquake,130.1,5.6
41.386,20.532,Earthquake,20,6.7
49.439,154.435,Earthquake,143,6.3
-14.591,167.312,Earthquake,140,5.6
-10.862,164.226,Earthquake,10,5.8
40.478,-124.656,Earthquake,20,5.6
17.412,73.885,Earthquake,15,6.6
47.594,152.727,Earthquake,140,5.8
-19.164,168.656,Earthquake,40,5.7
51.22,157.619,Earthquake,50,6
12.062,143.799,Earthquake,20,5.7
-21.865,-69.939,Earthquake,45,7.3
-5.206,151.831,Earthquake,45,5.9
17.351,-61.232,Earthquake,15,6.4
17.543,-61.31,Earthquake,15,6.2
-5.208,153.742,Earthquake,35,7.2
-21.58,-70.299,Earthquake,46.4,6.3
-21.362,-68.311,Earthquake,114.7,6.7
-22.548,-174.673,Earthquake,15,6.5
-7.103,154.844,Earthquake,10,5.7
-5.175,153.421,Earthquake,60,5.9
52.226,-171.468,Earthquake,26,6.1
-9.779,148.835,Earthquake,15,5.8
-27.845,-70.873,Earthquake,30,6.4
-5.042,153.961,Earthquake,116.6,5.7
33.623,141.938,Earthquake,15,6
23.965,122.161,Earthquake,35,6.1
-24.28,-67.006,Earthquake,179.2,5.7
-7.552,127.871,Earthquake,116,6
52.619,-171.445,Earthquake,10,5.6
52.53,-171.418,Earthquake,10,6.2
37.702,13.033,Earthquake,10,6.4
-9.213,158.542,Earthquake,27.5,6.7
-42.559,-75.278,Earthquake,17.5,5.7
-16.097,178.131,Earthquake,20,5.7
-30.116,-179.547,Earthquake,356.6,6.1
-1.352,-14.249,Earthquake,21.2,6.5
-8.875,120.265,Earthquake,30.6,6.8
36.448,70.451,Earthquake,212,5.6
43.566,146.741,Earthquake,36.9,7.4
43.343,147.259,Earthquake,33,6.1
43.246,147.701,Earthquake,15,5.9
-6.066,113.373,Earthquake,596,6.3
43.203,146.986,Earthquake,36,5.6
46.606,152.761,Earthquake,35,5.7
16.578,-99.533,Earthquake,25,5.8
43.05,147.283,Earthquake,23.5,6.6
-0.135,124.145,Earthquake,100,5.6
-28.59,-70.999,Earthquake,45,5.6
46.026,152.189,Earthquake,60,5.6
-5.42,153.368,Earthquake,30,7.3
-5.48,131.26,Earthquake,85,5.7
-5.469,153.269,Earthquake,30,5.7
39.368,24.957,Earthquake,15,7.2
12.343,-47.01,Earthquake,10,5.8
32.066,130.712,Earthquake,10,6.2
-4.04,128.531,Earthquake,35,5.6
-32.637,-177.479,Earthquake,20,5.7
37.586,141.65,Earthquake,65.5,5.6
22.733,121.368,Earthquake,25,7.1
12.194,140.638,Earthquake,26.3,5.8
12.117,140.757,Earthquake,25,5.9
32.928,137.82,Earthquake,344.1,6.3
-6.164,71.374,Earthquake,15,5.9
1.584,122.452,Earthquake,422.7,5.7
9.507,126.415,Earthquake,35,6.3
9.526,126.196,Earthquake,35,6.1
-5.897,151.013,Earthquake,45,6.3
-5.603,154.093,Earthquake,75,5.7
51.955,-177.212,Earthquake,70,5.5
-36.391,179.575,Earthquake,70,5.8
-16.212,-173.889,Earthquake,109.1,6.4
3.204,128.182,Earthquake,65,6.1
-20.624,-69.119,Earthquake,95.8,5.6
13.255,145.77,Earthquake,25,5.7
-6.626,116.161,Earthquake,554.4,6.1
8.103,126.317,Earthquake,84.8,5.8
47.914,154.053,Earthquake,45,5.6
-4.178,133.149,Earthquake,17.5,5.7
32.449,132.269,Earthquake,34.2,7.5
32.241,132.136,Earthquake,30,6.8
51.359,176.55,Earthquake,36.4,5.9
33.1798333,-116.103,Earthquake,10,6.6
33.514,141.763,Earthquake,24.2,5.6
-42.68,-16.088,Earthquake,10,5.8
-15.676,-172.705,Earthquake,15,6.3
38.621,143.286,Earthquake,25,6.3
58.645,-150.086,Earthquake,20.1,6.2
-15.575,-172.91,Earthquake,30,6.2
37.2953333,-116.4556667,Nuclear Explosion,1.2,5.63
18.462,-103.528,Earthquake,30,6.1
44.757,174.533,Earthquake,15,5.5
18.682,-69.641,Earthquake,82.3,5.9
-6.348,129.915,Earthquake,125.3,5.7
25.191,124.636,Earthquake,97.4,5.7
6.741,-73.002,Earthquake,159.4,5.7
-58.011,157.724,Earthquake,15,5.6
43.597,-128.135,Earthquake,10,6.4
-5.348,-81.835,Earthquake,18.8,5.7
-6.34,147.107,Earthquake,50,5.8
29.938,129.445,Earthquake,160.1,6.7
-15.894,26.113,Earthquake,25.7,5.6
-29.787,-179.035,Earthquake,20,5.6
40.86,143.435,Earthquake,29.9,8.2
41.11,143.5,Earthquake,25,6
41.097,143.204,Earthquake,30,5.8
41.444,142.815,Earthquake,29.3,6.1
41.43,142.864,Earthquake,25,7.9
39.856,143.745,Earthquake,25,6.5
40.82,142.198,Earthquake,59.3,5.7
41.35,142.614,Earthquake,43.3,6.1
12.678,141.471,Earthquake,20,5.7
41.506,142.717,Earthquake,37.1,6.1
39.808,143.233,Earthquake,43,6.5
39.698,143.516,Earthquake,27.8,6.1
40.699,144.192,Earthquake,20,6.3
39.684,143.366,Earthquake,34.9,6.1
-55.446,-27.854,Earthquake,15,5.8
35.626,141.955,Earthquake,20,6.3
40.941,143.458,Earthquake,37.4,6.1
40.15,144.063,Earthquake,15,5.9
-30.799,-178.11,Earthquake,55,7
48.737,154.903,Earthquake,51.9,5.8
-30.725,-178.087,Earthquake,50,6.9
44.822,150.219,Earthquake,28.3,7
44.758,150.255,Earthquake,35,5.9
41.162,143.667,Earthquake,30,5.6
44.878,150.186,Earthquake,31.3,6.3
44.737,150.244,Earthquake,30,5.8
41.529,143.031,Earthquake,45.1,6
40.25,142.51,Earthquake,48.5,6
-41.659,172.02,Earthquake,20,7.2
40.881,143.178,Earthquake,27.6,6.6
-6.799,118.853,Earthquake,619.1,6.2
-41.939,171.999,Earthquake,15,5.7
40.179,143.29,Earthquake,31.8,6.1
-30.786,-177.63,Earthquake,30,5.9
-2.85,139.353,Earthquake,45,7.5
52.215,172.763,Earthquake,20.5,5.7
44.65,150.259,Earthquake,24.2,5.9
-30.928,-177.397,Earthquake,35,6.4
40.252,142.397,Earthquake,45,5.8
-8.076,158.673,Earthquake,35,5.7
45.445,148.584,Earthquake,155,5.6
-1.916,120.094,Earthquake,35,6.7
-2.078,120.462,Earthquake,38,6.2
-8.74,157.558,Earthquake,15,5.7
43.54,147.096,Earthquake,40,5.9
-48.946,31.122,Earthquake,15,6.2
56.28,-161.493,Earthquake,186.1,5.7
39.503,143.07,Earthquake,32.1,7
-0.591,132.909,Earthquake,35,5.7
39.362,142.955,Earthquake,27.5,6.3
39.235,143.187,Earthquake,30,5.6
39.421,143.097,Earthquake,30,6.2
39.306,142.992,Earthquake,24.5,5.7
45.25,153.351,Earthquake,10,5.7
26.88,126.514,Earthquake,140,5.6
5.591,-82.549,Earthquake,10,6.2
51.633,159.325,Earthquake,30,5.7
-53.827,8.766,Earthquake,10,5.9
41.054,143.259,Earthquake,37.6,6.3
-12.301,166.567,Earthquake,50,6.3
38.745,143.918,Earthquake,25,6.4
-5.61,-77.086,Earthquake,15,6.8
-44.054,-75.583,Earthquake,20,5.8
-5.573,-77.184,Earthquake,15,5.7
-5.705,-77.258,Earthquake,15,5.7
40.406,143.767,Earthquake,18.2,6.1
39.585,143.587,Earthquake,20.7,5.8
42.037,142.897,Earthquake,45,5.8
-22.207,171.315,Earthquake,80,5.9
35.999,139.348,Earthquake,60.6,6.1
17.515,-100.273,Earthquake,57.9,6.4
-29.915,-177.69,Earthquake,55,5.7
-2.712,138.891,Earthquake,45,6
38.478,142.153,Earthquake,47,6.3
-6.477,133.887,Earthquake,55,5.8
-36.772,78.413,Earthquake,15,6
40.211,143.472,Earthquake,20,5.9
39.554,143.238,Earthquake,21.8,6
39.623,143.277,Earthquake,19.9,6
-8.619,125.008,Earthquake,12.4,5.9
8.727,93.626,Earthquake,15,5.8
-3.112,150.6,Earthquake,15,5.7
-54.73,1.5,Earthquake,10,6
-20.154,169.011,Earthquake,38.4,5.6
40.387,143.505,Earthquake,26.7,6
-30.725,-178.217,Earthquake,45,7.3
45.558,146.861,Earthquake,17.3,5.8
-19.188,176.024,Earthquake,15,5.7
